Sl. No Name E-mail
1 Mukund Raghavan Sadavarthi msadavarthi@gmail.com
2 Navaneeth VN Navaneethvn9@gmail.com
3 Monish P monish.cs22@bmsce.ac.in
4 Mogaveera Sahil Shekhar mogaveera.cs22@bmsce.ac.in
5 Manojkumar J Manojmkj98806@gmail.com
6 Goutham MB gouthamtech66@gmail.com
7 Mohammed Kalandar mohammedkalandar.cs23@bmsce.ac.in
8 Khushi Nataraj khushinataraj28@gmail.com
9 Hitha Harish hitha22harish@gmail.com
10 Jiya Gupta jiyagupta.cs23@bmsce.ac.in
11 Palepu vishal palepuvishal.cs23@bmsce.ac.in
12 S.Gaja Lakshmi gajalakshmi.shashir@gmail.com
13 Navneet Kumar navneetkumar.cs23@bmsce.ac.in
14 Mohammed Sulayman mdsulaymanzain2@gmail.com
15 Bipa Shrestha shresthabipa@gmail.com
16 Bisista Shrestha sbisista@gmail.com
17 Arnav arnavomg@gmail.com
18 Mohit Kumar Verma mohitkumar.cs23@bmsce.ac.in
19 Bisista Shrestha sbisista@gmail.com
20 Bipa Shrestha shresthabipa@gmail.com
21 Sharan kumar sharan kumar.ec21@bmsce.ac.in
22 Harsha B harshab6622@gmail.com
23 Parmeet singh parmeetsingh.ec23@bmsce.ac.in
24 Sanchit Mehta Sanchitmehta825@gmail.com
25 Yashas J yashasj050205@gmail.com
26 Kishore Chandra N kishorechandra.cs23@bmsce.ac.in
27 Mohammed Abdul Rehman Faadh Y mohammedabdul.cs23@bmsce.ac.in
28 Koushik M koushiktanu1234@gmail.com
29 Aryan Adyeri aryanvin07@gmail.com
30 Tanushree M thanushreem2008@gmail.com
31 Mahesh K maheshtanu1971@gmail.com
32 Likhith D likhithd.cs23@bmsce.ac.in
33 Muppidi Sai Adithya muppidisai.cs23@bmsce.ac.in
34 Mohammed Abdul yemmignurabdul@gmail.com
35 Mohit Kumar Verma mohitkumar.cs23@bmsce.ac.in
36 M S Shailesh msshailesh.cs23@bmsce.ac.in
37 Devansh khetan Devansh.te23@bmsce.ac.in
38 Kaustubh Tulsyan kaustubhtulsyan.is23@bmsce.ac.in
39 Ashmit Gupta ashmitgupta.ci23@bmsce.ac.in
40 Mukhesh DN mukheshdn.cs23@bmsce.ac.in
41 Ayush narayan ayushnarayan.is23@bmsce.ac.in
42 Shobhit Pandey shobhitpandey.is23@bmsce.ac.in
43 Vijaya nvijaya151@gmail.com
44 Narasimha vijayanarrasimha567@gmail.com
45 Samarth PV samarthpv69@gmail.com
46 Gowshik gowshikrajan790@gmail.com
47 Tristen Dsouza criticaltristen32@gmail.com
48 Mithun.M mithunmounish9@gmail.com
49 Karthik Gowda G R karthikgr0296@gmail.com
50 Harshitha HG harshithahg.cs23@bmsce.ac.in
51 Dyuthi dyuthi.cs23@bmsce.ac.in
52 Mahesh lamani maheshlamani.cs23@bmsce.ac.in
53 Navirath H N navirathnavi@gmail.com
54 Amitrakshar Mukherjee amitraksharmukherjee@gmail.com
55 Aditya Sharma Akshat   korean@gmail.com
56 Gagandeep L T gagandeeplt.cs24@bmsce.ac.in
57 Kshitiz Gupta kshitizofficial21@gmail.com
58 Shourya kharwal Shouryakharwal.cs24@bmsce.ac.in
59 Kavana M A kavanama185@gmail.com
60 Idrees shaikh idrees.cs23@bmsce.ac.in
61 Chethan K S chethanks.cs23@bmsce.ac.in
62 Kavana M A kavana.ma01@gmail.com
63 Hiran hiranhirendra@gmail.com
64 Irfan Sudarani Irfansudarani.cs23@bmsce.ac.in
65 K. Keerthi Reddy kamireddy.cs23@bmsce.ac.in
66 Eashan Jain V eashanjainv@gmail.com
67 Kavana M A kavanama.cs23@bmsce.ac.in
68 Jawin Roys Fernandes jawinroys.cs23@bmsce.ac.in
69 Hemanshu Hemanshu.cs23@bmsce.ac.in
70 Chethana C chethanac.cs23@bmsce.ac.in
71 Daivya Shah daivya.cs23@bmsce.ac.in
72 Bhoomika B G bhoomikabg.cs23@bmsce.ac.in
73 Crevan Neil Fernandes crevanneil.cs23@bmsce.ac.in
74 Irfan Sudarani irfansudarani.cs23@bmsce.ac.in
75 Chethana C chethanac755@gmail.com
76 Chadive Muralidhar Reddy muralibmsce @gmail.com
77 Dhruhi Atykar Dhruhi04@gmail.com
78 Krithika H Kotian kotiankrithika0@gmail.com
79 D A Chethan dachethan.cs23@bmsce.ac.in
80 Chethan T M chethantm.cs23@bmsce.ac.in
81 Eashan Jain V eashanjainv@gmail.com
82 Ikshitha P ikshitha.premananth@gmail.com
83 Eashan jain V eashanjain.cs23@bmsce.ac.in
84 Laxmi Bandi laxmibandi.cs23@bmsce.ac.in
85 Shreyas D K shreyasdk.is22@bmsce.ac.in
86 Aayush Agrawal me@aayush-agrawal.com
87 Prabhanjan bprabhanjan.cs23@bmsce.ac.in
88 Navneet Pitani Navneetpitani@gmail.com
89 Govind Singh govindsingh.cs23@bmsce.ac.in
90 Karan Suresh Nair karansuresh.cs23@bmsce.ac.in
91 Lakshya Khandelwal lakshya.cs23@bmsce.ac.in
92 Kishley Sharma Kishleysharma.cs23@bmsce.ac.in
93 Darshan YG darshanyg.cs23@bmsce.ac.in
94 Lakshith P Lakshithp.cs23@bmsce.ac.in
95 Danish Kodavanti danish.cs23@bmsce.ac.in
96 Lavanya SS lavanyass.cs23@bmsce.ac.in
97 Jiya Nitturkar jiyanitturkar.cs23@bmsce.ac.in
98 Kashvi Agarwal kashviagarwal.cs23@bmsce.ac.in
99 Kanishka Sharma kanishkasharma.cs23@bmsce.ac.in
100 Nidhi Pramod Nambiar nidhipramod.cs23@bmsce.ac.in
101 Lakshay Juneja lakshayjuneja.cs23@bmsce.ac.in
102 kollusaketharam sakethk4106@gmail.com
103 Arpit Mittal arpitphusro201005@gmail.com
104 Naveen Kumar P N naveenkumarpn.cs23@bmsce.ac.in
105 Alok alok.cs23@bmsce.ac.in
106 Ishita Gupta ishitagupta.is23@bmsce.ac.in
107 Kartikey Chaudhary chaudharykartik311@gmail.com
108 Irfan irfansudarani.cs23@bmsce.ac.in
109 Tanishq Garg tanishq.garg20@gmail.com
110 Mahesh Lamani maheshlamani.cs23@bmsce.ac.in
111 Diya Choudhary diya.choudhary293@gmail.com
112 Aishwarya aishwaryaraj5533@gmail.com
113 Prajwal biradar prajwalanilkumar1@gmail.com
114 Nakul Kulkarni nakul.k.5605@gmail.com
115 Kriti Bhatnagar kritibhatnagar86@gmail.com
116 Edwin paul edwinappu492@gmail.com
117 Pranav Easwar pranaveaswar.cd23@bmsce.ac.in
118 Ikshitha Premanath ikshithap.cs23@bmsce.ac.in
119 Jiya Gupta deepak.jpr11@gmail.com
120 Anju Gupta anjugupta2310@gmail.com
121 Malik Najeeb Ul Habib maliknajeeb113@gmail.com
122 Shakti Mathur shakti.mathur6@gmail.com
123 SARIKA MUDGAL sarikamishra184@gmail.com
124 Neena Gupta neenagupta@gmail.com
125 Payal Ramchand payaldanny1808@gmail.com
126 Makadia Rishit rishitmakadia.cs23@bmsce.ac.in
127 Nishanth S Padigar nishanthpadigar3@gmail.com
128 Tanika tanikagoyal@gmail.com
129 Maji mahikabhatnagar2966@gmail.com
130 Harsha B harshab.cs23@bmsce.ac.in
131 Hitha Harish hithaharish.cs23@bmsce.ac.in
132 Ayush S Shetty ayushkiyo75@gmail.com
133 C Disha dishakeshava06@gmail.com
134 Sinchana badasinchana@gmail.com
135 Subhash N subhashn021@gmail.com
136 Kiran S tanushree.m322@gmail.com
137 Yuvaraj HR yuvarajhr2006@gmail.com
138 Adithya Patil adithyapatil.cs24@bmsce.ac.in
139 Priya Raj Laxmi @prlaxmi_1909@gmail.com
140 Neha C T nehact.ec23@bmsce.ac.in
141 Tanmaya Rajesh tanmayarajesh26@gmail.com
142 Barath Ganesh barathganeshsbp.ec24@rvce.edu.in
143 Adithya B adithyab.cs24@bmsce.ac.in
144 Shraddha DK shraddhadk.cs24@bmsce.ac.in
145 Astha Gramopadhye asthasateesh.ec23@bmsce.ac.in
146 Samruddhee H P samruddheehp.se24@bmsce.ac.in
147 Prathvik Shetty prathvikshetty1706@gmail.com
148 Nidhi s shetty nidhisshetty303@gmail.com
149 Nidhishri Divakar Nayak nidhishrinayak.cs24@bmsce.ac.in
150 Poorvi Naveen poorvinaveen3101@gmail.com
151 Gaurav Mishra teamgaurav7@gmail.com
152 Bhoomika B G bhoomikabg.cs23@bmsce.ac.in
153 Siddhant sahare Sahare0507@gmail.com
154 Ravishankar ravishankarakp.y@gmail.com
155 Aniketan aniketanmanjunath.ad24@bmsce.ac.in
156 Gayathri S gayathris.cs24@bmsce.ac.in
157 Chethan chethinchu@gmail.com
158 Koushik Mahesh koushiktanu2005@gmail.com